# X0,SepalLengthCm,SepalWidthCm,PetalLengthCm,PetalWidthCm,Sp1,Sp2,Sp3
1.000000000000000000e+00,7.344604663670819544e-01,3.736728688534275977e-01,5.411813962704814518e-01,1.675085274170537708e-01,0.000000000000000000e+00,1.000000000000000000e+00,0.000000000000000000e+00
1.000000000000000000e+00,7.152945332140833168e-01,3.179086814284814988e-01,5.960787776784027825e-01,1.788236333035208292e-01,0.000000000000000000e+00,0.000000000000000000e+00,1.000000000000000000e+00
